
<?xml-stylesheet type="text/xsl" href="../styles/pmathml.xsl"?>
<html xmlns="http://www.w3.org/1999/xhtml" xmlns:m="http://www.w3.org/1998/Math/MathML" xmlns:dsi="http://www.w3.org/1999/xlink" xml:space="preserve"><head><title xsl="title1">gpu_g05 Chapter Introduction : NAG Numerical Routines for GPUs (Beta), Version 0.2</title><link rel="stylesheet" href="../styles/libdoc.css" type="text/css"/><script type="text/javascript">
   function showLevel(_levelId){
    var thisLevel = document.getElementById(_levelId);
    var thisplus = document.getElementById( _levelId.concat('plus'));
    var thisminus = document.getElementById( _levelId.concat('minus'));
    if(thisLevel.style.display != "block"){
     thisLevel.style.display = "block";
     thisplus.style.display = "none";
     thisminus.style.display = "inline";
     }
    else{
     thisLevel.style.display = "none";
     thisminus.style.display = "none";
     thisplus.style.display = "inline";
     }
    }
  </script></head><body><hr/><div><a xsl="intro" class="chap" href="gpu_g05conts.xml">gpu_g05 Chapter Contents</a></div>
<div><a xsl="main-contents" class="htmltoc" href="../FRONTMATTER/manconts.xml">NAG Numerical Routines for GPUs - Manual</a></div><hr/><h1 class="libdoc">NAG Numerical Routines for GPUs - Chapter Introduction<br/><br/> g05 &#8211; Random Number Generators </h1>


<div class="htmltoc">
<h2 class="htmltoc"><span class="htmltochead" onclick="showLevel('htmltoc');"><span class="htmltocplus" id="htmltocplus">+</span><span class="htmltocminus" id="htmltocminus">&#8722;</span></span>&#160;Contents</h2>
<div class="htmltocitem" id="htmltoc">
<div class="htmltoc">
<span class="htmltocplus">&#160;&#160;&#160;</span>
<a xsl="33333" class="htmltoc" href="#scope">1&#160;&#160;<b>Scope of the Chapter</b></a>
</div>

<div class="htmltoc">
<span class="htmltoc" onclick="showLevel('tocbackground');"><span class="htmltocplus" id="tocbackgroundplus">+</span><span class="htmltocminus" id="tocbackgroundminus">&#8722;</span></span>
<a xsl="33333" class="htmltoc" href="#background">2&#160;&#160;<b>Background to the Problems</b></a>
<div class="htmltocitem" id="tocbackground">
<div class="htmltoc">
<span class="htmltoc" onclick="showLevel('tocbackground1');"><span class="htmltocplus" id="tocbackground1plus">+</span><span class="htmltocminus" id="tocbackground1minus">&#8722;</span></span>
<a xsl="33333" class="htmltoc" href="#background1">2.1&#160;&#160;<b>Pseudorandom Numbers</b></a>
<div class="htmltocitem" id="tocbackground1">
<div class="htmltoc">
<span class="htmltocplus">&#160;&#160;&#160;</span>
<a xsl="33333" class="htmltoc" href="#IGenerator">2.1.1&#160;&#160;<b>MRG32k3a Generator</b></a>
</div>
</div>
</div>
</div>
</div>

<div class="htmltoc">
<span class="htmltocplus">&#160;&#160;&#160;</span>
<a xsl="33333" class="htmltoc" href="#available">3&#160;&#160;<b>Recommendations on Choice and Use of Available Functions</b></a>
</div>

<div class="htmltoc">
<span class="htmltocplus">&#160;&#160;&#160;</span>
<a xsl="33333" class="htmltoc" href="#index">4&#160;&#160;<b>Index</b></a>
</div>

<div class="htmltoc">
<span class="htmltocplus">&#160;&#160;&#160;</span>
<a xsl="33333" class="htmltoc" href="#references">5&#160;&#160;<b>References</b></a>
</div>
</div>
</div>





<h2 class="standard"><a xsl="sec" class="sec" name="scope" id="scope"/>1&#160;&#160;Scope of the Chapter</h2>
<div xsl="p" class="paramtext">This chapter contains functions for the generation of sequences of
pseudorandom numbers from various distributions.</div>




<h2 class="standard"><a xsl="sec" class="sec" name="background" id="background"/>2&#160;&#160;Background to the Problems</h2>



<h3 class="standard"><a xsl="sec" class="sec" name="background1" id="background1"/>2.1&#160;&#160;Pseudorandom Numbers</h3>
<div xsl="p" class="paramtext">A sequence of pseudorandom numbers is a sequence of numbers
generated in some systematic way such that they are independent and
statistically indistinguishable from a truly random sequence. A
pseudorandom number generator (PRNG) is a mathematical
algorithm that, given an initial state, produces a sequence of
pseudorandom numbers. A PRNG has several advantages over a
true random number generator in that the generated sequence is
repeatable, has known mathematical properties and can be implemented
without needing any specialist hardware. Many books on statistics and
computer science have good introductions to PRNGs, for
example <a xsl="xref55" class="ref" href="#ref150">Knuth (1981)</a> or <a xsl="xref55" class="ref" href="#ref784">Banks (1998)</a>.</div>


<h4 class="standard"><a xsl="sec" class="sec" name="IGenerator" id="IGenerator"/>2.1.1&#160;&#160;MRG32k3a Generator</h4>
<div xsl="p" class="paramtext">
The Multiple Recursive Generator, MRG32k3a, is due to <a xsl="xref55" class="ref" href="#ref843">L'Ecuyer (1999)</a>, with a 
later paper (<a xsl="xref55" class="ref" href="#ref844">L'Ecuyer <span class="italic">et al.</span> (2002)</a>) mentioning its parallel implementation.

L'Ecuyer gives a very efficient serial implementation in
his first paper. The parallel implementation relies on the
fact that the two recurrences defining this generator are of the same
form, and can be represented as simple matrices leading to an
efficient means of computing skip ahead points.
</div><div xsl="p" class="paramtext">
The GPU implementation is fairly straightforward.  The 
matrices defining the skip ahead can be pre-computed on the host,
copied  
to device memory, and then read into shared memory by each 
thread block.  
Each thread uses the skip-ahead algorithm to compute the
initial point and then uses the standard algorithm to compute a 
contiguous block of pseudorandom variates
</div>




<h2 class="standard"><a xsl="sec" class="sec" name="available" id="available"/>3&#160;&#160;Recommendations on Choice and Use of Available Functions</h2>
<div xsl="p" class="paramtext">Prior to generating any pseudorandom variates the base generator
being used must be initialized by calling the function <a xsl="xref55" class="rout" href="nag_gpu_mrg32k3a_init.xml">nag_gpu_mrg32k3a_init</a>. Once initialized, a distributional
generator can be called to obtain the variates required.
</div><div xsl="p" class="paramtext">
A generic interface is provided so that the random numbers computed
can be chosen to be either double or 
single precision depending on the type declaration of the
corresponding argument in the calling
program. If a sequence of random variates from
a uniform distribution on the half-closed interval
(<m:math xsl="mml.xsl-001"><m:mn>0</m:mn><m:mo>,</m:mo><m:mn>1</m:mn></m:math>], is
required, then the uniform distribution function <a xsl="xref55" class="rout" href="nag_gpu_mrg32k3a_uniform.xml">nag_gpu_mrg32k3a_uniform</a> should be called. Functions for
Normal (<a xsl="xref55" class="rout" href="nag_gpu_mrg32k3a_normal.xml">nag_gpu_mrg32k3a_normal</a>) and
exponential (<a xsl="xref55" class="rout" href="nag_gpu_mrg32k3a_exponential.xml">nag_gpu_mrg32k3a_exponential</a>)
distributions are also included.</div><div xsl="p" class="paramtext">
Note that, for efficient storage in contiguous memory, the random
number sequences produced as output are ordered as they are computed
in parallel on the GPU and this should be taken
into account when using them. If the ordering corresponding to the serial
implementation is required, then the
number of threads should be set to 1 on entry. (See the
relevant function document for details.)
</div>



<h2 class="standard"><a xsl="sec" class="sec" name="index"
id="index"/>4&#160;&#160;Index</h2>
<table style="width:95%"><tr><td style="width:1pt; white-space: no-wrap;"><nobr>Pseudorandom&#160;numbers,</nobr></td><td>&#160;</td><td style="width: 1pt; white-space: no-wrap;"><nobr/></td></tr></table>
<table style="width:95%"><tr><td style="width:1pt; white-space:
no-wrap;"><nobr>initialize&#160;generator&#160;</nobr></td><td
style="border-bottom: 0.1em dotted black;">&#160;</td><td
style="width: 1pt; white-space: no-wrap;"><nobr><a class="rout"
href="nag_gpu_mrg32k3a_init.xml">nag_gpu_mrg32k3a_init&#160;</a></nobr></td></tr></table>
<table style="width:95%"><tr><td style="width:1pt; white-space: no-wrap;"><nobr>variates&#160;from&#160;uniform&#160;distribution</nobr></td><td
style="border-bottom: 0.1em dotted black;">&#160;</td><td
style="width: 1pt; white-space: no-wrap;"><nobr><a class="rout"
href="nag_gpu_mrg32k3a_uniform.xml">nag_gpu_mrg32k3a_uniform&#160;</a></nobr></td></tr></table>
<table style="width:95%"><tr><td style="width:1pt; white-space: no-wrap;"><nobr>variates&#160;from&#160;Normal&#160;distribution</nobr></td><td
style="border-bottom: 0.1em dotted black;">&#160;</td><td
style="width: 1pt; white-space: no-wrap;"><nobr><a class="rout"
href="nag_gpu_mrg32k3a_normal.xml">nag_gpu_mrg32k3a_normal&#160;</a></nobr></td></tr></table>
<table style="width:95%"><tr><td style="width:1pt; white-space: no-wrap;"><nobr>variates&#160;from&#160;exponential&#160;distribution</nobr></td><td
style="border-bottom: 0.1em dotted black;">&#160;</td><td
style="width: 1pt; white-space: no-wrap;"><nobr><a class="rout"
href="nag_gpu_mrg32k3a_exponential.xml">nag_gpu_mrg32k3a_exponential&#160;</a></nobr></td></tr></table>





<h2 class="standard"><a xsl="sec" class="sec" name="references" id="references"/>5&#160;&#160;References</h2>

<div class="paramtext"><a xsl="44444" name="ref784" id="ref784"/>Banks J (1998)  <i>Handbook on Simulation</i> Wiley </div>
<div class="paramtext"><a xsl="44444" name="ref150" id="ref150"/>Knuth D E (1981)  <i>The Art of Computer Programming (Volume 2)</i> (2nd Edition) Addison&#8211;Wesley </div>
<div class="paramtext"><a xsl="44444" name="ref843" id="ref843"/>L'Ecuyer P (1999)  Good parameter sets for combined multiple recursive random number generators <i>Operations Research</i> <b>47:1</b> 159&#8211;164 </div>
<div class="paramtext"><a xsl="44444" name="ref844" id="ref844"/>L'Ecuyer P,
Simar R, 
Chen E J and 
Kelton W
D (2002)  An
object-oriented random-number package with many long streams and substreams <i>Operations Research</i> <b>50:6</b> 1073&#8211;1075 </div>
<div class="paramtext"><a xsl="44444" name="ref845" id="ref845"/>NVIDIA
CUDA  (2009)  <i>Programming Guide version 2.2.1</i> <a xsl="BBBBB" class="url" href="http://www.nvidia.com/cuda">http://www.nvidia.com/cuda</a></div>

<hr/><div><a xsl="intro" class="chap" href="gpu_g05conts.xml">gpu_g05 Chapter Contents</a></div>
<div><a xsl="main-contents" class="htmltoc" href="../FRONTMATTER/manconts.xml">NAG Numerical Routines for GPUs - Manual</a></div>
<div><hr/><a xsl="copyright" class="genint" href="../FRONTMATTER/copyright.xml">&#169; The Numerical Algorithms Group Ltd, Oxford, UK. 2009</a></div></body></html>
