
<?xml-stylesheet type="text/xsl" href="../styles/pmathml.xsl"?>
<html xmlns="http://www.w3.org/1999/xhtml" xmlns:m="http://www.w3.org/1998/Math/MathML" xmlns:dsi="http://www.w3.org/1999/xlink" xml:space="preserve"><head><title xsl="title1">nag_gpu_mrg32k3a_normal : NAG Numerical Routines for GPUs (Beta), Version 0.2</title><link rel="stylesheet" href="../styles/libdoc.css" type="text/css"/><script type="text/javascript">
   function showLevel(_levelId){
    var thisLevel = document.getElementById(_levelId);
    var thisplus = document.getElementById( _levelId.concat('plus'));
    var thisminus = document.getElementById( _levelId.concat('minus'));
    if(thisLevel.style.display != "block"){
     thisLevel.style.display = "block";
     thisplus.style.display = "none";
     thisminus.style.display = "inline";
     }
    else{
     thisLevel.style.display = "none";
     thisminus.style.display = "none";
     thisplus.style.display = "inline";
     }
    }
  </script></head><body><hr/><div><a xsl="rout-chap" class="chap" href="gpu_g05conts.xml">gpu_g05 Chapter Contents</a></div><div><a xsl="rout-chapint" class="chapint" href="gpu_g05intro.xml">gpu_g05 Chapter Introduction</a></div>
<div><a xsl="main-contents" class="htmltoc" href="../FRONTMATTER/manconts.xml">NAG Numerical Routines for GPUs - Manual</a></div><hr/><h1 class="libdoc">NAG Numerical Routines for GPUs - Function Document<br/><br/>nag_gpu_mrg32k3a_normal</h1>



<div class="htmltoc">
<h2 class="htmltoc"><span class="htmltochead" onclick="showLevel('htmltoc');"><span class="htmltocplus" id="htmltocplus">+</span><span class="htmltocminus" id="htmltocminus">&#8722;</span></span>&#160;Contents</h2>
<div class="htmltocitem" id="htmltoc">
<div class="htmltoc">
<span class="htmltocplus">&#160;&#160;&#160;</span>
<a xsl="33333" class="htmltoc" href="#purpose">1&#160;&#160;<b>Purpose</b></a>
</div>

<div class="htmltoc">
<span class="htmltocplus">&#160;&#160;&#160;</span>
<a xsl="33333" class="htmltoc" href="#specification">2&#160;&#160;<b>Specification</b></a>
</div>

<div class="htmltoc">
<span class="htmltocplus">&#160;&#160;&#160;</span>
<a xsl="33333" class="htmltoc" href="#parameters">3&#160;&#160;<b>Arguments</b></a>
</div>

<div class="htmltoc">
<span class="htmltocplus">&#160;&#160;&#160;</span>
<a xsl="33333" class="htmltoc" href="#errors">4&#160;&#160;<b>Error Indicators and Warnings</b></a>
</div>

<div class="htmltoc">
<span class="htmltoc" onclick="showLevel('tocexample');"><span class="htmltocplus" id="tocexampleplus">+</span><span class="htmltocminus" id="tocexampleminus">&#8722;</span></span>
<a xsl="33333" class="htmltoc" href="#example">5&#160;&#160;<b>Example</b></a>
<div class="htmltocitem" id="tocexample">
<div class="htmltoc">
<span class="htmltocplus">&#160;&#160;&#160;</span>
<a xsl="33333" class="htmltoc" href="#examtext">5.1&#160;&#160;<b>Program Text</b></a>
</div>

<div class="htmltoc">
<span class="htmltocplus">&#160;&#160;&#160;</span>
<a xsl="33333" class="htmltoc" href="#examdata">5.2&#160;&#160;<b>Program Data</b></a>
</div>

<div class="htmltoc">
<span class="htmltocplus">&#160;&#160;&#160;</span>
<a xsl="33333" class="htmltoc" href="#examresults">5.3&#160;&#160;<b>Program Results</b></a>
</div>
</div>
</div>
</div>
</div>





<h2 class="standard"><a xsl="sec" class="sec" name="purpose" id="purpose"/>1&#160;&#160;Purpose</h2>
<div xsl="p" class="paramtext"><b>nag_gpu_mrg32k3a_normal</b> generates <m:math xsl="mml.xsl-001"><m:mi>n</m:mi></m:math>&#160;values
<m:math xsl="mml.xsl-001"><m:msub><m:mi>x</m:mi><m:mi>i</m:mi></m:msub></m:math>&#160;from a normal
distribution with mean <m:math xsl="mml.xsl-001"><m:mo>0.0</m:mo></m:math>&#160;and variance <m:math xsl="mml.xsl-001"><m:mo>1.0</m:mo></m:math>.</div><div xsl="p" class="paramtext">The initialization function <a xsl="xref55" class="rout" href="nag_gpu_mrg32k3a_init.xml">nag_gpu_mrg32k3a_init</a> must be called prior to the first call to <b>nag_gpu_mrg32k3a_normal</b>.</div>




<h2 class="standard"><a xsl="sec" class="sec" name="specification" id="specification"/>2&#160;&#160;Specification</h2>

<table class="cspec">
<tr><td class="tdcspec" colspan="2">template &lt;class FP&gt;<br/><br/></td></tr>
<tr><td class="tdcspec">
void&#160;nag_gpu_mrg32k3a_normal</td><td class="tdcspec">(int&#160;<a xsl="xref55" class="arg" href="#nb">nb</a>, int&#160;<a xsl="xref55" class="arg" href="#nt">nt</a>, int&#160;<a xsl="xref55" class="arg" href="#np">np</a>, FP&#160;<a xsl="xref55" class="arg" href="#x">x</a>[])
</td></tr>
</table>




<h2 class="standard"><a xsl="sec" class="sec" name="parameters" id="parameters"/>3&#160;&#160;Arguments</h2>

<dl><dt class="paramhead"><a name="nb" id="nb"/>1:
   
   &#160;&#160;&#8194;
   <b>nb</b><span> &#8211; </span>int&#160;<span class="pclass">Input</span></dt><dd>
<div class="paramtext"><i>On entry</i>: the number of GPU blocks.</div>

<div xsl="constraints" class="paramtext"><i>Constraint</i>:
  <m:math xsl="mml.xsl-001"><m:mn>1</m:mn><m:mo>&#8804;</m:mo><m:mrow><m:maction xsl="XREF-MML9BA" actiontype="link" dsi:type="simple" dsi:href="#nb"><m:mi mathcolor="#EE0000" mathvariant="bold">nb</m:mi></m:maction></m:mrow></m:math>.
</div>

</dd><dt class="paramhead"><a name="nt" id="nt"/>2:
   
   &#160;&#160;&#8194;
   <b>nt</b><span> &#8211; </span>int&#160;<span class="pclass">Input</span></dt><dd>
<div class="paramtext"><i>On entry</i>: the number of GPU threads per
block. When <m:math xsl="mml.xsl-001"><m:mrow><m:maction xsl="XREF-MML9BA" actiontype="link" dsi:type="simple" dsi:href="#nt"><m:mi mathcolor="#EE0000" mathvariant="bold">nt</m:mi></m:maction></m:mrow><m:mo>=</m:mo><m:mn>1</m:mn></m:math>, the
ordering of the output values,
<m:math xsl="mml.xsl-001"><m:msub><m:mi>x</m:mi><m:mi>i</m:mi></m:msub></m:math>&#160;is identical to the
standard sequential storage and a default value of <b>nt</b> is
chosen internally for efficient execution. For other choices of <b>nt</b> the ordering
is chosen for efficient use of bandwidth and storage and it is recommended that <b>nt</b> is set to a multiple of 
<m:math xsl="mml.xsl-001"><m:mn>64</m:mn></m:math>.
</div>

<div xsl="constraints" class="paramtext"><i>Constraint</i>:
  <m:math xsl="mml.xsl-001"><m:mn>1</m:mn><m:mo>&#8804;</m:mo><m:mrow><m:maction xsl="XREF-MML9BA" actiontype="link" dsi:type="simple" dsi:href="#nt"><m:mi mathcolor="#EE0000" mathvariant="bold">nt</m:mi></m:maction></m:mrow></m:math>.
</div>

</dd><dt class="paramhead"><a name="np" id="np"/>3:
   
   &#160;&#160;&#8194;
   <b>np</b><span> &#8211; </span>int&#160;<span class="pclass">Input</span></dt><dd>

<div class="paramtext"><i>On entry</i>: the number of random points to be
generated by each thread.</div> 

<div xsl="constraints" class="paramtext"><i>Constraint</i>:
  <m:math xsl="mml.xsl-001"><m:mn>1</m:mn><m:mo>&#8804;</m:mo><m:mrow><m:maction xsl="XREF-MML9BA" actiontype="link" dsi:type="simple" dsi:href="#np"><m:mi mathcolor="#EE0000" mathvariant="bold">np</m:mi></m:maction></m:mrow></m:math>.
</div>

</dd><dt class="paramhead"><a name="x" id="x"/>4:
   
   &#160;&#160;&#8194;
   <b>x</b><span>[</span><m:math xsl="mml.xsl-001"><m:mrow><m:maction xsl="XREF-MML9BA" actiontype="link" dsi:type="simple" dsi:href="#np"><m:mi mathcolor="#EE0000">np</m:mi></m:maction></m:mrow><m:mo>&#215;</m:mo><m:mrow><m:maction xsl="XREF-MML9BA" actiontype="link" dsi:type="simple" dsi:href="#nb"><m:mi mathcolor="#EE0000">nb</m:mi></m:maction></m:mrow><m:mo>&#215;</m:mo><m:mrow><m:maction xsl="XREF-MML9BA" actiontype="link" dsi:type="simple" dsi:href="#nt"><m:mi mathcolor="#EE0000">nt</m:mi></m:maction></m:mrow></m:math><span>]</span><span> &#8211; </span>FP&#160;<span class="pclass">Output</span></dt><dd><div class="paramtext"><b>Note:</b> <b>x</b> is a device array. <br/>
When <m:math xsl="mml.xsl-001"><m:mrow><m:maction xsl="XREF-MML9BA" actiontype="link" dsi:type="simple" dsi:href="#nt"><m:mi mathcolor="#EE0000" mathvariant="bold">nt</m:mi></m:maction></m:mrow><m:mo>=</m:mo><m:mn>1</m:mn></m:math>, the
ordering of the output values, <m:math><m:msub><m:mi>x</m:mi><m:mrow><m:mi>n</m:mi><m:mo>,</m:mo><m:mi>&#x003C4;</m:mi><m:mo>,</m:mo><m:mi>&#x003B2;</m:mi></m:mrow></m:msub></m:math>, is identical to the standard sequential storage,
<m:math><m:mi>n</m:mi><m:mo>+</m:mo></m:math><a xsl="xref55" class="arg" href="#np">np</a><m:math><m:mo>&#215;</m:mo><m:mi>&#x003C4;</m:mi><m:mo>+</m:mo></m:math><a xsl="xref55" class="arg" href="#nt">nt</a><m:math><m:mo>&#215;</m:mo></m:math><a xsl="xref55" class="arg" href="#np">np</a><m:math><m:mo>&#215;</m:mo><m:mi>&#x003B2;</m:mi></m:math>, <br/>
where the indices, <m:math> <m:mi>n</m:mi><m:mo>=</m:mo><m:mn>0</m:mn><m:mo>,</m:mo><m:mn>1</m:mn><m:mo>,</m:mo><m:mo>&#8230;</m:mo>
 <m:mo>,</m:mo></m:math><a xsl="xref55" class="arg" href="#np">np</a><m:math><m:mo>-</m:mo><m:mn>1</m:mn></m:math>,
<m:math> <m:mi>&#x003C4;</m:mi><m:mo>=</m:mo><m:mn>0</m:mn><m:mo>,</m:mo><m:mn>1</m:mn><m:mo>,</m:mo><m:mo>&#8230;</m:mo>
 <m:mo>,</m:mo></m:math><a xsl="xref55" class="arg" href="#nt">nt</a><m:math><m:mo>-</m:mo><m:mn>1</m:mn></m:math> and
<m:math> <m:mi>&#x003B2;</m:mi><m:mo>=</m:mo><m:mn>0</m:mn><m:mo>,</m:mo><m:mn>1</m:mn><m:mo>,</m:mo><m:mo>&#8230;</m:mo>
 <m:mo>,</m:mo></m:math><a xsl="xref55" class="arg" href="#nb">nb</a><m:math><m:mo>-</m:mo><m:mn>1</m:mn></m:math> denote the element, thread and block respectively.
<br/>
Otherwise 
<m:math><m:msub><m:mi>x</m:mi><m:mrow><m:mi>n</m:mi><m:mo>,</m:mo><m:mi>&#x003C4;</m:mi><m:mo>,</m:mo><m:mi>&#x003B2;</m:mi></m:mrow></m:msub></m:math>,
the <m:math><m:mi>n</m:mi></m:math>th element generated by thread
<m:math><m:mi>&#x003C4;</m:mi></m:math> in block
<m:math><m:mi>&#x003B2;</m:mi></m:math>, is stored at location
<m:math><m:mi>&#x003C4;</m:mi><m:mo>+</m:mo></m:math><a xsl="xref55" class="arg" href="#nt">nt</a><m:math><m:mo>&#215;</m:mo><m:mi>n</m:mi><m:mo>+</m:mo></m:math><a xsl="xref55" class="arg" href="#nt">nt</a><m:math><m:mo>&#215;</m:mo></m:math><a xsl="xref55" class="arg" href="#np">np</a><m:math><m:mo>&#215;</m:mo><m:mi>&#x003B2;</m:mi></m:math>.</div>

<div xsl="paramtext_p" class="paramtext">The template argument parameter FP can take type double or
float.</div>   


<div class="paramtext"><i>On exit</i>: the <a xsl="xref55" class="arg" href="#np">np</a><m:math xsl="mml.xsl-001"><m:mo>&#215;</m:mo></m:math><a xsl="xref55" class="arg" href="#nb">nb</a><m:math xsl="mml.xsl-001"><m:mo>&#215;</m:mo></m:math><a xsl="xref55" class="arg" href="#nt">nt</a> pseudorandom numbers from a normal
distribution with mean <m:math xsl="mml.xsl-001"><m:mo>0.0</m:mo></m:math>&#160;and variance <m:math xsl="mml.xsl-001"><m:mo>1.0</m:mo></m:math>.</div>

</dd></dl>





<h2 class="standard"><a xsl="sec" class="sec" name="errors" id="errors"/>4&#160;&#160;Error Indicators and Warnings</h2>
<div xsl="p" class="paramtext">No argument constraint checking is carried out by this
function. You can insert a call to 
function <b>nag_gpu_utilCheckMsg</b> (contained in
the header file <b>nag_gpu.h</b>) following the
call to 
<b>nag_gpu_mrg32k3a_normal</b> to  check for the last CUDA error message, if any, generated during execution.</div>




<h2 class="standard"><a xsl="sec" class="sec" name="example" id="example"/>5&#160;&#160;Example</h2>
<div xsl="p" class="paramtext">This example prints <m:math xsl="mml.xsl-001"><m:mn>64</m:mn></m:math>&#160;pseudorandom numbers from a normal distribution with mean <m:math xsl="mml.xsl-001"><m:mo>0.0</m:mo></m:math>&#160;and variance <m:math xsl="mml.xsl-001"><m:mo>1.0</m:mo></m:math>, generated by <b>nag_gpu_mrg32k3a_normal</b> following initialization by <a xsl="xref55" class="rout" href="nag_gpu_mrg32k3a_init.xml">nag_gpu_mrg32k3a_init</a>.</div>


<h3 class="standard"><a xsl="sec" class="sec" name="examtext" id="examtext"/>5.1&#160;&#160;Program Text</h3>
<p><a class="verbatimref" href="../../example/source/nag_gpu_mrg32k3a_normal_exampleD.cu">Program Text (nag_gpu_mrg32k3a_normal_exampleD.cu)</a></p>


<h3 class="standard"><a xsl="sec" class="sec" name="examdata" id="examdata"/>5.2&#160;&#160;Program Data</h3>
<div xsl="p" class="paramtext">None.</div>


<h3 class="standard"><a xsl="sec" class="sec" name="examresults" id="examresults"/>5.3&#160;&#160;Program Results</h3>
<p><a class="verbatimref" href="../../example/results/nag_gpu_mrg32k3a_normal_exampleD.r">Program Results (nag_gpu_mrg32k3a_normal_exampleD.r)</a></p>
<hr/><div><a xsl="rout-chap" class="chap" href="gpu_g05conts.xml">gpu_g05 Chapter Contents</a></div><div><a xsl="rout-chapint" class="chapint" href="gpu_g05intro.xml">gpu_g05 Chapter Introduction</a></div>
<div><a xsl="main-contents" class="htmltoc" href="../FRONTMATTER/manconts.xml">NAG Numerical Routines for GPUs - Manual</a></div>
<div><hr/><a xsl="copyright" class="genint" href="../FRONTMATTER/copyright.xml">&#169; The Numerical Algorithms Group Ltd, Oxford, UK. 2009</a></div></body></html>
