
<?xml-stylesheet type="text/xsl" href="../styles/pmathml.xsl"?>
<html xmlns="http://www.w3.org/1999/xhtml" xmlns:m="http://www.w3.org/1998/Math/MathML" xmlns:dsi="http://www.w3.org/1999/xlink" xml:space="preserve"><head><title xsl="title1">nag_gpu_mrg32k3a_init : NAG Numerical Routines for GPUs (Beta), Version 0.2</title><link rel="stylesheet" href="../styles/libdoc.css" type="text/css"/><script type="text/javascript">
   function showLevel(_levelId){
    var thisLevel = document.getElementById(_levelId);
    var thisplus = document.getElementById( _levelId.concat('plus'));
    var thisminus = document.getElementById( _levelId.concat('minus'));
    if(thisLevel.style.display != "block"){
     thisLevel.style.display = "block";
     thisplus.style.display = "none";
     thisminus.style.display = "inline";
     }
    else{
     thisLevel.style.display = "none";
     thisminus.style.display = "none";
     thisplus.style.display = "inline";
     }
    }
  </script></head><body><hr/><div><a xsl="rout-chap" class="chap" href="gpu_g05conts.xml">gpu_g05 Chapter Contents</a></div><div><a xsl="rout-chapint" class="chapint" href="gpu_g05intro.xml">gpu_g05 Chapter Introduction</a></div>
<div><a xsl="main-contents" class="htmltoc" href="../FRONTMATTER/manconts.xml">NAG Numerical Routines for GPUs - Manual</a></div><hr/><h1 class="libdoc">NAG Numerical Routines for GPUs - Function Document<br/><br/>nag_gpu_mrg32k3a_init</h1>



<div class="htmltoc">
<h2 class="htmltoc"><span class="htmltochead" onclick="showLevel('htmltoc');"><span class="htmltocplus" id="htmltocplus">+</span><span class="htmltocminus" id="htmltocminus">&#8722;</span></span>&#160;Contents</h2>
<div class="htmltocitem" id="htmltoc">
<div class="htmltoc">
<span class="htmltocplus">&#160;&#160;&#160;</span>
<a xsl="33333" class="htmltoc" href="#purpose">1&#160;&#160;<b>Purpose</b></a>
</div>

<div class="htmltoc">
<span class="htmltocplus">&#160;&#160;&#160;</span>
<a xsl="33333" class="htmltoc" href="#specification">2&#160;&#160;<b>Specification</b></a>
</div>

<div class="htmltoc">
<span class="htmltocplus">&#160;&#160;&#160;</span>
<a xsl="33333" class="htmltoc" href="#parameters">3&#160;&#160;<b>Arguments</b></a>
</div>

<div class="htmltoc">
<span class="htmltocplus">&#160;&#160;&#160;</span>
<a xsl="33333" class="htmltoc" href="#errors">4&#160;&#160;<b>Error Indicators and Warnings</b></a>
</div>

<div class="htmltoc">
<span class="htmltoc" onclick="showLevel('tocexample');"><span class="htmltocplus" id="tocexampleplus">+</span><span class="htmltocminus" id="tocexampleminus">&#8722;</span></span>
<a xsl="33333" class="htmltoc" href="#example">5&#160;&#160;<b>Example</b></a>
<div class="htmltocitem" id="tocexample">
<div class="htmltoc">
<span class="htmltocplus">&#160;&#160;&#160;</span>
<a xsl="33333" class="htmltoc" href="#examtext">5.1&#160;&#160;<b>Program Text</b></a>
</div>

<div class="htmltoc">
<span class="htmltocplus">&#160;&#160;&#160;</span>
<a xsl="33333" class="htmltoc" href="#examdata">5.2&#160;&#160;<b>Program Data</b></a>
</div>

<div class="htmltoc">
<span class="htmltocplus">&#160;&#160;&#160;</span>
<a xsl="33333" class="htmltoc" href="#examresults">5.3&#160;&#160;<b>Program Results</b></a>
</div>
</div>
</div>
</div>
</div>





<h2 class="standard"><a xsl="sec" class="sec" name="purpose" id="purpose"/>1&#160;&#160;Purpose</h2>
<div xsl="p" class="paramtext"><b>nag_gpu_mrg32k3a_init</b> initializes the Multiple
Recursive Generator, MRG32k3a, formulated by L'Ecuyer and must precede
any call to a distribution function  such as <a xsl="xref55" class="rout" href="nag_gpu_mrg32k3a_uniform.xml">nag_gpu_mrg32k3a_uniform</a>. This function pre-computes the skip
ahead matrices and copies these, together with the supplied seeds, to
the device. No output is returned to the calling program.</div>




<h2 class="standard"><a xsl="sec" class="sec" name="specification" id="specification"/>2&#160;&#160;Specification</h2>

<table class="cspec">

<tr><td class="tdcspec">
void&#160;nag_gpu_mrg32k3a_init</td><td class="tdcspec">(unsigned int&#160;<a xsl="xref55" class="arg" href="#v1">v1</a>[], unsigned int&#160;<a xsl="xref55" class="arg" href="#v2">v2</a>[], unsigned long long&#160;<a xsl="xref55" class="arg" href="#offset">offset</a>)
</td></tr>
</table>




<h2 class="standard"><a xsl="sec" class="sec" name="parameters" id="parameters"/>3&#160;&#160;Arguments</h2>

<dl><dt class="paramhead"><a name="v1" id="v1"/>1:
   
   &#160;&#160;&#8194;
   <b>v1</b><span>[</span><m:math xsl="mml.xsl-001"><m:mn>3</m:mn></m:math><span>]</span><span> &#8211; </span>unsigned int&#160;<span class="pclass">Input</span></dt><dd>

<div class="paramtext"><i>On entry</i>: an array of three 32-bit unsigned integers to be used as seeds.</div>

<div xsl="constraints" class="paramtext"><i>Constraint</i>:
  <m:math xsl="mml.xsl-001"><m:mn>0</m:mn><m:mo>&#8804;</m:mo><m:mrow><m:mrow><m:maction xsl="XREF-MML9BA" actiontype="link" dsi:type="simple" dsi:href="#v1"><m:mi mathcolor="#EE0000" mathvariant="bold">v1</m:mi></m:maction></m:mrow><m:mrow><m:mo>[</m:mo><m:mi>i</m:mi><m:mo>]</m:mo></m:mrow></m:mrow><m:mo>&lt;</m:mo><m:msub><m:mi>m</m:mi><m:mo>1</m:mo></m:msub><m:mo>=</m:mo><m:msup><m:mo>2</m:mo><m:mo>32</m:mo></m:msup><m:mo>-</m:mo><m:mo>209</m:mo></m:math>, for <m:math xsl="mml.xsl-001"><m:mi>i</m:mi><m:mo>=</m:mo><m:mn>0</m:mn><m:mo>,</m:mo><m:mn>1</m:mn><m:mo>,</m:mo><m:mn>2</m:mn></m:math>&#160;and
<m:math xsl="mml.xsl-001"><m:mrow><m:mrow><m:maction xsl="XREF-MML9BA" actiontype="link" dsi:type="simple" dsi:href="#v1"><m:mi mathcolor="#EE0000" mathvariant="bold">v1</m:mi></m:maction></m:mrow><m:mrow><m:mo>[</m:mo><m:mi>i</m:mi><m:mo>]</m:mo></m:mrow></m:mrow><m:mo>&#8800;</m:mo><m:mn>0</m:mn></m:math>&#160;for at least one <m:math xsl="mml.xsl-001"><m:mi>i</m:mi></m:math>.
</div>

</dd><dt class="paramhead"><a name="v2" id="v2"/>2:
   
   &#160;&#160;&#8194;
   <b>v2</b><span>[</span><m:math xsl="mml.xsl-001"><m:mn>3</m:mn></m:math><span>]</span><span> &#8211; </span>unsigned int&#160;<span class="pclass">Input</span></dt><dd>

<div class="paramtext"><i>On entry</i>: an array of three 32-bit unsigned integers to be used as seeds.</div>

<div xsl="constraints" class="paramtext"><i>Constraint</i>:
  <m:math xsl="mml.xsl-001"><m:mn>0</m:mn><m:mo>&#8804;</m:mo><m:mrow><m:mrow><m:maction xsl="XREF-MML9BA" actiontype="link" dsi:type="simple" dsi:href="#v2"><m:mi mathcolor="#EE0000" mathvariant="bold">v2</m:mi></m:maction></m:mrow><m:mrow><m:mo>[</m:mo><m:mi>i</m:mi><m:mo>]</m:mo></m:mrow></m:mrow><m:mo>&lt;</m:mo><m:msub><m:mi>m</m:mi><m:mo>2</m:mo></m:msub><m:mo>=</m:mo><m:msup><m:mo>2</m:mo><m:mo>32</m:mo></m:msup><m:mo>-</m:mo><m:mo>22853</m:mo></m:math>, for <m:math xsl="mml.xsl-001"><m:mi>i</m:mi><m:mo>=</m:mo><m:mn>0</m:mn><m:mo>,</m:mo><m:mn>1</m:mn><m:mo>,</m:mo><m:mn>2</m:mn></m:math>&#160;and
<m:math xsl="mml.xsl-001"><m:mrow><m:mrow><m:maction xsl="XREF-MML9BA" actiontype="link" dsi:type="simple" dsi:href="#v2"><m:mi mathcolor="#EE0000" mathvariant="bold">v2</m:mi></m:maction></m:mrow><m:mrow><m:mo>[</m:mo><m:mi>i</m:mi><m:mo>]</m:mo></m:mrow></m:mrow><m:mo>&#8800;</m:mo><m:mn>0</m:mn></m:math>&#160;for at least one <m:math xsl="mml.xsl-001"><m:mi>i</m:mi></m:math>.
</div>

</dd><dt class="paramhead"><a name="offset" id="offset"/>3:
   
   &#160;&#160;&#8194;
   <b>offset</b><span> &#8211; </span>unsigned long long&#160;<span class="pclass">Input</span></dt><dd>

<div class="paramtext"><i>On entry</i>: the offset from the beginning of the sequence.</div>

</dd></dl>




<h2 class="standard"><a xsl="sec" class="sec" name="errors" id="errors"/>4&#160;&#160;Error Indicators and Warnings</h2>
<div xsl="p" class="paramtext">No argument constraint checking is carried out by this
function. You can insert a call to 
function <b>nag_gpu_utilCheckMsg</b> (contained in
the header file <b>nag_gpu.h</b>) following the
call to 
<b>nag_gpu_mrg32k3a_init</b> to  check for the last CUDA error message, if any, generated during execution.</div>




<h2 class="standard"><a xsl="sec" class="sec" name="example" id="example"/>5&#160;&#160;Example</h2>
<div xsl="p" class="paramtext">This example prints <m:math xsl="mml.xsl-001"><m:mn>64</m:mn></m:math>&#160;pseudorandom numbers from a uniform distribution over the half-closed interval(<m:math xsl="mml.xsl-001"><m:mn>0</m:mn></m:math>,<m:math xsl="mml.xsl-001"><m:mn>1</m:mn></m:math>], generated by <a xsl="xref55" class="rout" href="nag_gpu_mrg32k3a_uniform.xml">nag_gpu_mrg32k3a_uniform</a> after initialization by <b>nag_gpu_mrg32k3a_init</b>.</div>


<h3 class="standard"><a xsl="sec" class="sec" name="examtext" id="examtext"/>5.1&#160;&#160;Program Text</h3>
<p><a class="verbatimref" href="../../example/source/nag_gpu_mrg32k3a_uniform_exampleD.cu">Program Text (nag_gpu_mrg32k3a_uniform_exampleD.cu)</a></p>


<h3 class="standard"><a xsl="sec" class="sec" name="examdata" id="examdata"/>5.2&#160;&#160;Program Data</h3>
<div xsl="p" class="paramtext">None.</div>


<h3 class="standard"><a xsl="sec" class="sec" name="examresults" id="examresults"/>5.3&#160;&#160;Program Results</h3>
<p><a class="verbatimref" href="../../example/results/nag_gpu_mrg32k3a_uniform_exampleD.r">Program Results (nag_gpu_mrg32k3a_uniform_exampleD.r)</a></p>
<hr/><div><a xsl="rout-chap" class="chap" href="gpu_g05conts.xml">gpu_g05 Chapter Contents</a></div><div><a xsl="rout-chapint" class="chapint" href="gpu_g05intro.xml">gpu_g05 Chapter Introduction</a></div>
<div><a xsl="main-contents" class="htmltoc" href="../FRONTMATTER/manconts.xml">NAG Numerical Routines for GPUs - Manual</a></div>
<div><hr/><a xsl="copyright" class="genint" href="../FRONTMATTER/copyright.xml">&#169; The Numerical Algorithms Group Ltd, Oxford, UK. 2009</a></div></body></html>
